<XML><RECORDS>

<RECORD><REFERENCE_TYPE>0</REFERENCE_TYPE><REFNUM>1</REFNUM><AUTHORS><AUTHOR>Herity, D.</AUTHOR></AUTHORS><YEAR>1998</YEAR><TITLE>C++ in Embedded Systems: Myth and Reality</TITLE><SECONDARY_TITLE>Embedded Systems Programming</SECONDARY_TITLE><PUBLISHER>Miller Freeman Inc.</PUBLISHER><VOLUME>11</VOLUME><NUMBER>2</NUMBER><PAGES>48-71</PAGES><LABEL>herity1998</LABEL></RECORD>

<RECORD><REFERENCE_TYPE>0</REFERENCE_TYPE><REFNUM>2</REFNUM><AUTHORS><AUTHOR>Jones, Nigel</AUTHOR></AUTHORS><YEAR>2002</YEAR><TITLE>Introduction to MISRA C</TITLE><SECONDARY_TITLE>Embedded Systems Programming</SECONDARY_TITLE><PUBLISHER>Miller Freeman Inc.</PUBLISHER><VOLUME>15</VOLUME><NUMBER>7</NUMBER><PAGES>55-56</PAGES><LABEL>jones2002</LABEL></RECORD>

<RECORD><REFERENCE_TYPE>0</REFERENCE_TYPE><REFNUM>3</REFNUM><AUTHORS><AUTHOR>Plauger, PJ</AUTHOR></AUTHORS><YEAR>1997</YEAR><TITLE>Embedded C++: An Overview</TITLE><SECONDARY_TITLE>Embedded Systems Programming</SECONDARY_TITLE><PUBLISHER>Miller Freeman Inc.</PUBLISHER><VOLUME>10</VOLUME><PAGES>40-53</PAGES><LABEL>plauger1997</LABEL></RECORD>

<RECORD><REFERENCE_TYPE>16</REFERENCE_TYPE><REFNUM>4</REFNUM><AUTHORS><AUTHOR>IAR Systems, </AUTHOR></AUTHORS><YEAR>n.d.</YEAR><NUMBER>30 August 2009</NUMBER><TITLE>Extended Embedded C++</TITLE><URL>http://iar.com/website1/1.0.1.0/467/1/</URL><LABEL>iareecpp</LABEL></RECORD>

<RECORD><REFERENCE_TYPE>16</REFERENCE_TYPE><REFNUM>5</REFNUM><AUTHORS><AUTHOR>Yannopoulos, Ion</AUTHOR><AUTHOR>Gay, David</AUTHOR></AUTHORS><YEAR>2006</YEAR><NUMBER>30 August 2009</NUMBER><TITLE>TEP 3: Coding Standard</TITLE><URL>http://www.tinyos.net/tinyos-2.x/doc/html/tep3.html</URL><PUBLISHER>TinyOS 2.0 Working Group</PUBLISHER><LABEL>tep3</LABEL></RECORD>

<RECORD><REFERENCE_TYPE>16</REFERENCE_TYPE><REFNUM>6</REFNUM><AUTHORS><AUTHOR>Sharp, Cory</AUTHOR><AUTHOR>Turon, Martin</AUTHOR><AUTHOR>Gay, David</AUTHOR></AUTHORS><YEAR>2007</YEAR><NUMBER>28 May 2009</NUMBER><TITLE>TEP 102: Timers</TITLE><URL>http://www.tinyos.net/tinyos-2.x/doc/html/tep102.html</URL><PUBLISHER>TinyOS 2.0 Core Working Group</PUBLISHER><LABEL>tep102</LABEL></RECORD>

<RECORD><REFERENCE_TYPE>16</REFERENCE_TYPE><REFNUM>7</REFNUM><AUTHORS><AUTHOR>Levis, Philip</AUTHOR></AUTHORS><YEAR>2007</YEAR><NUMBER>25 September 2009</NUMBER><TITLE>TEP 111: message\_t</TITLE><URL>http://www.tinyos.net/tinyos-2.x/doc/html/tep111.html</URL><PUBLISHER>TinyOS 2.0 Core Working Group</PUBLISHER><LABEL>tep111</LABEL></RECORD>

<RECORD><REFERENCE_TYPE>16</REFERENCE_TYPE><REFNUM>8</REFNUM><AUTHORS><AUTHOR>Tolle, Gilman</AUTHOR><AUTHOR>Levis, Philip</AUTHOR><AUTHOR>Gay, David</AUTHOR></AUTHORS><YEAR>2008</YEAR><NUMBER>26 September 2009</NUMBER><TITLE>TEP 114: SIDs: Source and Sink Independent Drivers</TITLE><URL>http://www.tinyos.net/tinyos-2.x/doc/html/tep114.html</URL><PUBLISHER>TinyOS 2.0 Core Working Group</PUBLISHER><LABEL>tep114</LABEL></RECORD>

<RECORD><REFERENCE_TYPE>16</REFERENCE_TYPE><REFNUM>9</REFNUM><AUTHORS><AUTHOR>Levis, Philip</AUTHOR></AUTHORS><YEAR>2008</YEAR><NUMBER>25 September 2009</NUMBER><TITLE>TEP 116: Packet Protocols</TITLE><URL>http://www.tinyos.net/tinyos-2.x/doc/html/tep116.html</URL><PUBLISHER>TinyOS 2.0 Core Working Group</PUBLISHER><LABEL>tep116</LABEL></RECORD>

<RECORD><REFERENCE_TYPE>16</REFERENCE_TYPE><REFNUM>10</REFNUM><AUTHORS><AUTHOR>Leopold, Martin</AUTHOR></AUTHORS><YEAR>2008</YEAR><NUMBER>26 October 2009</NUMBER><TITLE>TEP 131: Creating a New Platform for TinyOS 2.x</TITLE><URL>http://www.tinyos.net/tinyos-2.x/doc/html/tep131.html</URL><PUBLISHER>TinyOS 8051 Working Group</PUBLISHER><LABEL>tep131</LABEL></RECORD>

<RECORD><REFERENCE_TYPE>16</REFERENCE_TYPE><REFNUM>11</REFNUM><AUTHORS><AUTHOR>Wiki, TinyOS Documentation</AUTHOR></AUTHORS><YEAR>2008</YEAR><NUMBER>26 October 2009</NUMBER><TITLE>Platforms</TITLE><URL>http://docs.tinyos.net/index.php/Platforms</URL><LABEL>tinyosTute10</LABEL></RECORD>

<RECORD><REFERENCE_TYPE>1</REFERENCE_TYPE><REFNUM>12</REFNUM><AUTHORS><AUTHOR>Gamma, E.</AUTHOR><AUTHOR>Helm, R.</AUTHOR><AUTHOR>Johnson, R.</AUTHOR><AUTHOR>Vlissides, J.</AUTHOR></AUTHORS><YEAR>1995</YEAR><TITLE>Design patterns: elements of reusable object-oriented software</TITLE><PUBLISHER>Addison-Wesley Professional</PUBLISHER><LABEL>gof</LABEL></RECORD>

<RECORD><REFERENCE_TYPE>0</REFERENCE_TYPE><REFNUM>13</REFNUM><AUTHORS><AUTHOR>Akyildiz, I. F.</AUTHOR><AUTHOR>Su, W.</AUTHOR><AUTHOR>Sankarasubramaniam, Y.</AUTHOR><AUTHOR>Cayirci, E.</AUTHOR></AUTHORS><YEAR>2002</YEAR><TITLE>A survey on sensor networks</TITLE><SECONDARY_TITLE>IEEE communications magazine</SECONDARY_TITLE><VOLUME>40</VOLUME><NUMBER>8</NUMBER><PAGES>102-114</PAGES><LABEL>surveysn</LABEL></RECORD>

<RECORD><REFERENCE_TYPE>0</REFERENCE_TYPE><REFNUM>14</REFNUM><AUTHORS><AUTHOR>Qi, H.</AUTHOR><AUTHOR>Iyengar, S. S.</AUTHOR><AUTHOR>Chakrabarty, K.</AUTHOR></AUTHORS><YEAR>2001</YEAR><TITLE>Distributed sensor networks - a review of recent research</TITLE><SECONDARY_TITLE>Journal of the Franklin Institute</SECONDARY_TITLE><VOLUME>338</VOLUME><NUMBER>6</NUMBER><PAGES>655-668</PAGES><LABEL>qi2001</LABEL></RECORD>

<RECORD><REFERENCE_TYPE>0</REFERENCE_TYPE><REFNUM>15</REFNUM><AUTHORS><AUTHOR>Sinopoli, B.</AUTHOR><AUTHOR>Sharp, C.</AUTHOR><AUTHOR>Schenato, L.</AUTHOR><AUTHOR>Schaffert, S.</AUTHOR><AUTHOR>Sastry, S. S.</AUTHOR></AUTHORS><YEAR>2003</YEAR><TITLE>Distributed control applications within sensor networks</TITLE><SECONDARY_TITLE>Proceedings of the IEEE</SECONDARY_TITLE><VOLUME>91</VOLUME><NUMBER>8</NUMBER><PAGES>1235-1246</PAGES><LABEL>sinopoli2003</LABEL></RECORD>

<RECORD><REFERENCE_TYPE>0</REFERENCE_TYPE><REFNUM>16</REFNUM><AUTHORS><AUTHOR>Xu, N.</AUTHOR></AUTHORS><YEAR>2002</YEAR><TITLE>A survey of sensor network applications</TITLE><SECONDARY_TITLE>IEEE communications magazine</SECONDARY_TITLE><VOLUME>40</VOLUME><NUMBER>8</NUMBER><PAGES>102-114</PAGES><LABEL>surveyapp</LABEL></RECORD>

<RECORD><REFERENCE_TYPE>16</REFERENCE_TYPE><REFNUM>17</REFNUM><AUTHORS><AUTHOR>Levis, Philip</AUTHOR></AUTHORS><YEAR>2006</YEAR><NUMBER>21 February 2009</NUMBER><TITLE>TinyOS Programming</TITLE><URL>http://www.tinyos.net/tinyos-2.x/doc/pdf/tinyos-programming.pdf</URL><LABEL>levis2006</LABEL></RECORD>

<RECORD><REFERENCE_TYPE>16</REFERENCE_TYPE><REFNUM>18</REFNUM><AUTHORS><AUTHOR>Silicon Graphics, Inc., </AUTHOR></AUTHORS><YEAR>2009</YEAR><NUMBER>17 September 2009</NUMBER><TITLE>Function Objects</TITLE><URL>http://www.sgi.com/tech/stl/functors.html</URL><LABEL>sgi2009</LABEL></RECORD>

<RECORD><REFERENCE_TYPE>16</REFERENCE_TYPE><REFNUM>19</REFNUM><AUTHORS><AUTHOR>Rios, J. L.</AUTHOR></AUTHORS><YEAR>2005</YEAR><NUMBER>6 April 2009</NUMBER><TITLE>Using Interfaces in C++</TITLE><URL>http://www.codeguru.com/cpp/cpp/cpp_mfc/oop/article.php/c9989/</URL><LABEL>rios2005</LABEL></RECORD>

<RECORD><REFERENCE_TYPE>1</REFERENCE_TYPE><REFNUM>20</REFNUM><AUTHORS><AUTHOR>Downs, K.</AUTHOR><AUTHOR>Spanier, S.</AUTHOR><AUTHOR>Ford, M.</AUTHOR><AUTHOR>Stevenson, T.</AUTHOR><AUTHOR>Lew, H.K.</AUTHOR></AUTHORS><YEAR>1998</YEAR><TITLE>Internetworking technologies handbook</TITLE><PUBLISHER>Cisco Press</PUBLISHER><LABEL>downs1998</LABEL></RECORD>

<RECORD><REFERENCE_TYPE>16</REFERENCE_TYPE><REFNUM>21</REFNUM><AUTHORS><AUTHOR>FOLDOC, </AUTHOR></AUTHORS><YEAR>2002</YEAR><NUMBER>26 September 2009</NUMBER><TITLE>race condition</TITLE><URL>http://foldoc.org/race+condition</URL><LABEL>foldoc</LABEL></RECORD>

<RECORD><REFERENCE_TYPE>16</REFERENCE_TYPE><REFNUM>22</REFNUM><AUTHORS><AUTHOR>Rinard, Martin C.</AUTHOR></AUTHORS><YEAR>1998</YEAR><NUMBER>26 September 2009</NUMBER><TITLE>Lecture 5: Implementing Synchronization Operations</TITLE><URL>http://www.cag.csail.mit.edu1 rinard/osnotes/h5.html</URL><PUBLISHER>Operating Systems Lecture Notes</PUBLISHER><LABEL>rinard1998</LABEL></RECORD>

<RECORD><REFERENCE_TYPE>31</REFERENCE_TYPE><REFNUM>23</REFNUM><AUTHORS><AUTHOR>Freescale Semiconductor Inc., </AUTHOR></AUTHORS><YEAR>1999</YEAR><TITLE>ECT\_16B8C Block User Guide</TITLE><LABEL>freescale1999</LABEL></RECORD>

<RECORD><REFERENCE_TYPE>0</REFERENCE_TYPE><REFNUM>24</REFNUM><AUTHORS><AUTHOR>Saks, D.</AUTHOR></AUTHORS><YEAR>1998</YEAR><TITLE>Static vs. Dynamic Initialization</TITLE><SECONDARY_TITLE>Embedded Systems Programming</SECONDARY_TITLE><PUBLISHER>Miller Freeman Inc.</PUBLISHER><VOLUME>11</VOLUME><PAGES>19-22</PAGES><LABEL>saks1998</LABEL></RECORD>

<RECORD><REFERENCE_TYPE>0</REFERENCE_TYPE><REFNUM>25</REFNUM><AUTHORS><AUTHOR>Saks, D.</AUTHOR></AUTHORS><YEAR>2008</YEAR><TITLE>The yin and yang of dynamic allocation</TITLE><SECONDARY_TITLE>Embedded Systems Design</SECONDARY_TITLE><PUBLISHER>CMP Media LLC</PUBLISHER><VOLUME>21</VOLUME><NUMBER>5</NUMBER><PAGES>12</PAGES><LABEL>saks2008</LABEL></RECORD>

<RECORD><REFERENCE_TYPE>33</REFERENCE_TYPE><REFNUM>26</REFNUM><AUTHORS><AUTHOR>van der Velden, Stephen</AUTHOR><AUTHOR>Powlesland, Ian</AUTHOR></AUTHORS><YEAR>2008</YEAR><DATE>2-4 December, 2008</DATE><TITLE>Interconnecting a Flexible Sensing Array</TITLE><SECONDARY_TITLE>Second Asia-Pacific Workshop on Structural Health Monitoring</SECONDARY_TITLE><PLACE_PUBLISHED>Melbourne, Australia</PLACE_PUBLISHED><LABEL>vdv2008</LABEL></RECORD>

<RECORD><REFERENCE_TYPE>33</REFERENCE_TYPE><REFNUM>27</REFNUM><AUTHORS><AUTHOR>van der Velden, Stephen</AUTHOR><AUTHOR>Powlesland, Ian</AUTHOR><AUTHOR>Singh, Jugdutt</AUTHOR></AUTHORS><YEAR>2007</YEAR><DATE>16-18 April, 2007</DATE><TITLE>A Proposed Robust Distributed Control System Architecture For Mini/Micro UAVs</TITLE><SECONDARY_TITLE>22nd International Unmanned Air Vehicle Systems Conference</SECONDARY_TITLE><PLACE_PUBLISHED>Bristol, UK</PLACE_PUBLISHED><LABEL>vdv2007</LABEL></RECORD>

<RECORD><REFERENCE_TYPE>0</REFERENCE_TYPE><REFNUM>28</REFNUM><AUTHORS><AUTHOR>Schneider, W.</AUTHOR></AUTHORS><YEAR>2004</YEAR><TITLE>Unmanned Aerial Vehicles and Uninhabited Combat Aerial Vehicles</TITLE><SECONDARY_TITLE>Study by the Defense Science Board, Office of the Under Secretary of Defense, Washington, DC, USA</SECONDARY_TITLE><LABEL>schneider2004</LABEL></RECORD>

<RECORD><REFERENCE_TYPE>33</REFERENCE_TYPE><REFNUM>29</REFNUM><AUTHORS><AUTHOR>Barrows, GL</AUTHOR></AUTHORS><YEAR>2002</YEAR><DATE>22-24 July, 2002</DATE><TITLE>Future visual microsensors for mini/micro-UAV applications</TITLE><SECONDARY_TITLE>7th IEEE International Workshop on Cellular Neural Networks and their Applications</SECONDARY_TITLE><PLACE_PUBLISHED>Frankfurt, Germany</PLACE_PUBLISHED><PUBLISHER>IEEE</PUBLISHER><PAGES>31-36</PAGES><LABEL>barrows2002</LABEL></RECORD>

<RECORD><REFERENCE_TYPE>0</REFERENCE_TYPE><REFNUM>30</REFNUM><AUTHORS><AUTHOR>Pastor Llorens, E.</AUTHOR><AUTHOR>L&#x00F3;pez Rubio, J.</AUTHOR><AUTHOR>Royo Chic, P.</AUTHOR></AUTHORS><YEAR>2007</YEAR><TITLE>UAV payload and mission control hardware/software architecture</TITLE><SECONDARY_TITLE>IEEE Aerospace and Electronic Systems Magazine</SECONDARY_TITLE><VOLUME>22</VOLUME><NUMBER>6</NUMBER><PAGES>3-8</PAGES><LABEL>pastor2007</LABEL></RECORD>

<RECORD><REFERENCE_TYPE>31</REFERENCE_TYPE><REFNUM>31</REFNUM><AUTHORS><AUTHOR>Sarris, Zak</AUTHOR></AUTHORS><YEAR>2001</YEAR><TITLE>Survey of UAV Applications in Civil Markets (June 2001)</TITLE><LABEL>sarris2001</LABEL></RECORD>

<RECORD><REFERENCE_TYPE>31</REFERENCE_TYPE><REFNUM>32</REFNUM><AUTHORS><AUTHOR>Civil Aviation Authority, </AUTHOR></AUTHORS><YEAR>1998</YEAR><TITLE>Civil Aviation Safety Regulations 1998 (CASR) Part 101</TITLE><LABEL>caa1998</LABEL></RECORD>

<RECORD><REFERENCE_TYPE>0</REFERENCE_TYPE><REFNUM>33</REFNUM><AUTHORS><AUTHOR>Moss, Scott</AUTHOR><AUTHOR>Phoumsavanh, Chris</AUTHOR><AUTHOR>Konak, Michael</AUTHOR><AUTHOR>Tsoi, Kelly</AUTHOR><AUTHOR>Rajic, Nik</AUTHOR><AUTHOR>Galea, Steve</AUTHOR><AUTHOR>Powlesland, Ian</AUTHOR><AUTHOR>McMahon, Phillip</AUTHOR></AUTHORS><YEAR>2009</YEAR><TITLE>Design of the Acoustic Electric Feedthrough Demonstrator MK II</TITLE><SECONDARY_TITLE>Materials Forum</SECONDARY_TITLE><VOLUME>33</VOLUME><LABEL>moss2009</LABEL></RECORD>

<RECORD><REFERENCE_TYPE>0</REFERENCE_TYPE><REFNUM>34</REFNUM><AUTHORS><AUTHOR>Akkaya, K.</AUTHOR><AUTHOR>Younis, M.</AUTHOR></AUTHORS><YEAR>2005</YEAR><TITLE>A survey on routing protocols for wireless sensor networks</TITLE><SECONDARY_TITLE>Ad Hoc Networks</SECONDARY_TITLE><VOLUME>3</VOLUME><NUMBER>3</NUMBER><PAGES>325-349</PAGES><LABEL>akkaya2005</LABEL></RECORD>

<RECORD><REFERENCE_TYPE>0</REFERENCE_TYPE><REFNUM>35</REFNUM><AUTHORS><AUTHOR>Akyildiz, I. F.</AUTHOR><AUTHOR>Su, W.</AUTHOR><AUTHOR>Sankarasubramaniam, Y.</AUTHOR><AUTHOR>Cayirci, E.</AUTHOR></AUTHORS><YEAR>2002</YEAR><TITLE>A survey on sensor networks</TITLE><SECONDARY_TITLE>IEEE communications magazine</SECONDARY_TITLE><VOLUME>40</VOLUME><NUMBER>8</NUMBER><PAGES>102-114</PAGES><LABEL>akyildiz2002</LABEL></RECORD>

<RECORD><REFERENCE_TYPE>1</REFERENCE_TYPE><REFNUM>36</REFNUM><AUTHORS><AUTHOR>Klein, L. A.</AUTHOR></AUTHORS><YEAR>1999</YEAR><TITLE>Sensor and Data Fusion Concepts and Applications</TITLE><PLACE_PUBLISHED>Bellingham, WA, USA</PLACE_PUBLISHED><PUBLISHER>Society of Photo-Optical Instrumentation Engineers (SPIE)</PUBLISHER><LABEL>klein1999</LABEL></RECORD>

<RECORD><REFERENCE_TYPE>0</REFERENCE_TYPE><REFNUM>37</REFNUM><AUTHORS><AUTHOR>Xu, N.</AUTHOR></AUTHORS><YEAR>2002</YEAR><TITLE>A survey of sensor network applications</TITLE><SECONDARY_TITLE>IEEE communications magazine</SECONDARY_TITLE><VOLUME>40</VOLUME><NUMBER>8</NUMBER><PAGES>102-114</PAGES><LABEL>xu2002</LABEL></RECORD>

<RECORD><REFERENCE_TYPE>0</REFERENCE_TYPE><REFNUM>38</REFNUM><AUTHORS><AUTHOR>Chong, C.Y.</AUTHOR><AUTHOR>Kumar, S.P.</AUTHOR></AUTHORS><YEAR>2003</YEAR><TITLE>Sensor networks: Evolution, opportunities, and challenges</TITLE><SECONDARY_TITLE>Proceedings of the IEEE</SECONDARY_TITLE><VOLUME>91</VOLUME><NUMBER>8</NUMBER><PAGES>1247-1256</PAGES><LABEL>chong2003</LABEL></RECORD>

<RECORD><REFERENCE_TYPE>33</REFERENCE_TYPE><REFNUM>39</REFNUM><AUTHORS><AUTHOR>Vieira, M.A.M.</AUTHOR><AUTHOR>Coelho Jr, C.N.</AUTHOR><AUTHOR>da Silva Jr, DC</AUTHOR><AUTHOR>da Mata, J.M.</AUTHOR></AUTHORS><YEAR>2003</YEAR><TITLE>Survey on wireless sensor network devices</TITLE><SECONDARY_TITLE>Emerging Technologies and Factory Automation</SECONDARY_TITLE><PAGES>16-19</PAGES><LABEL>vieira2003</LABEL></RECORD>

<RECORD><REFERENCE_TYPE>33</REFERENCE_TYPE><REFNUM>40</REFNUM><AUTHORS><AUTHOR>Polastre, J.</AUTHOR><AUTHOR>Szewczyk, R.</AUTHOR><AUTHOR>Culler, D.</AUTHOR></AUTHORS><YEAR>2005</YEAR><DATE>25-27 April, 2005</DATE><TITLE>Telos: Enabling ultra-low power wireless research</TITLE><SECONDARY_TITLE>Proceedings of the Fourth International Symposium on Information Processing in Sensor Networks</SECONDARY_TITLE><PLACE_PUBLISHED>Los Angeles, CA, USA</PLACE_PUBLISHED><PUBLISHER>ACM</PUBLISHER><PAGES>48</PAGES><LABEL>polastre2005</LABEL></RECORD>

<RECORD><REFERENCE_TYPE>0</REFERENCE_TYPE><REFNUM>41</REFNUM><AUTHORS><AUTHOR>Ricadela, A.</AUTHOR></AUTHORS><YEAR>2005</YEAR><TITLE>Sensors Everywhere</TITLE><SECONDARY_TITLE>InformationWeek</SECONDARY_TITLE><NUMBER>1023</NUMBER><LABEL>ricadela2005</LABEL></RECORD>

<RECORD><REFERENCE_TYPE>33</REFERENCE_TYPE><REFNUM>42</REFNUM><AUTHORS><AUTHOR>Guestrin, C.</AUTHOR><AUTHOR>Bodik, P.</AUTHOR><AUTHOR>Thibaux, R.</AUTHOR><AUTHOR>Paskin, M.</AUTHOR><AUTHOR>Madden, S.</AUTHOR></AUTHORS><YEAR>2004</YEAR><DATE>26-27 April, 2004</DATE><TITLE>Distributed regression: an efficient framework for modeling sensor network data</TITLE><SECONDARY_TITLE>Proceedings of the Third International Symposium on Information Processing in Sensor Networks</SECONDARY_TITLE><PLACE_PUBLISHED>Berkeley, CA, USA</PLACE_PUBLISHED><PUBLISHER>ACM</PUBLISHER><PAGES>1-10</PAGES><LABEL>guestrin2004</LABEL></RECORD>

<RECORD><REFERENCE_TYPE>16</REFERENCE_TYPE><REFNUM>43</REFNUM><AUTHORS><AUTHOR>Szewczyk, Robert</AUTHOR><AUTHOR>Levis, Philip</AUTHOR><AUTHOR>Turon, Martin</AUTHOR><AUTHOR>Nachman, Lama</AUTHOR><AUTHOR>Buonadonna, Philip</AUTHOR><AUTHOR>Handziski, Vlado</AUTHOR></AUTHORS><YEAR>2007</YEAR><NUMBER>17 October 2009</NUMBER><TITLE>TEP 112: Microcontroller Power Management</TITLE><URL>http://www.tinyos.net/tinyos-2.x/doc/html/tep112.html</URL><PUBLISHER>TinyOS 2.0 Core Working Group</PUBLISHER><LABEL>tep112</LABEL></RECORD>

<RECORD><REFERENCE_TYPE>16</REFERENCE_TYPE><REFNUM>44</REFNUM><AUTHORS><AUTHOR>Klues, Kevin</AUTHOR><AUTHOR>Handziski, Vlado</AUTHOR><AUTHOR>Hauer, Jan-Hinrich</AUTHOR><AUTHOR>Levis, Philip</AUTHOR></AUTHORS><YEAR>2008</YEAR><NUMBER>26 October 2009</NUMBER><TITLE>TEP 115: Power Management of Non-Virtualised Devices</TITLE><URL>http://www.tinyos.net/tinyos-2.x/doc/html/tep115.html</URL><PUBLISHER>TinyOS 2.0 Core Working Group</PUBLISHER><LABEL>tep115</LABEL></RECORD>

<RECORD><REFERENCE_TYPE>0</REFERENCE_TYPE><REFNUM>45</REFNUM><AUTHORS><AUTHOR>Younis, O.</AUTHOR><AUTHOR>Fahmy, S.</AUTHOR></AUTHORS><YEAR>2004</YEAR><TITLE>HEED: a hybrid, energy-efficient, distributed clustering approach for ad hoc sensor networks</TITLE><SECONDARY_TITLE>IEEE Transactions on Mobile Computing</SECONDARY_TITLE><VOLUME>3</VOLUME><NUMBER>4</NUMBER><PAGES>366-379</PAGES><LABEL>younis2004</LABEL></RECORD>

<RECORD><REFERENCE_TYPE>33</REFERENCE_TYPE><REFNUM>46</REFNUM><AUTHORS><AUTHOR>Solis, I.</AUTHOR><AUTHOR>Obraczka, K.</AUTHOR></AUTHORS><YEAR>2004</YEAR><DATE>20-24 June, 2004</DATE><TITLE>The impact of timing in data aggregation for sensor networks</TITLE><SECONDARY_TITLE>Proceedings of the IEEE International Conference on Communications</SECONDARY_TITLE><PLACE_PUBLISHED>Paris, France</PLACE_PUBLISHED><PUBLISHER>IEEE</PUBLISHER><LABEL>solis2004</LABEL></RECORD>

<RECORD><REFERENCE_TYPE>0</REFERENCE_TYPE><REFNUM>47</REFNUM><AUTHORS><AUTHOR>Krishnamachari, B.</AUTHOR><AUTHOR>Iyengar, S.</AUTHOR></AUTHORS><YEAR>2004</YEAR><TITLE>Distributed bayesian algorithms for fault-tolerant event region detection in wireless sensor networks</TITLE><SECONDARY_TITLE>IEEE Transactions on Computers</SECONDARY_TITLE><VOLUME>53</VOLUME><NUMBER>3</NUMBER><PAGES>241-250</PAGES><LABEL>krishnamachari2004</LABEL></RECORD>

<RECORD><REFERENCE_TYPE>33</REFERENCE_TYPE><REFNUM>48</REFNUM><AUTHORS><AUTHOR>Qi, H.</AUTHOR><AUTHOR>Wang, X.</AUTHOR><AUTHOR>Iyengar, S.S.</AUTHOR><AUTHOR>Chakrabarty, K.</AUTHOR></AUTHORS><YEAR>2001</YEAR><DATE>7-10 August, 2001</DATE><TITLE>Multisensor data fusion in distributed sensor networks using mobile agents</TITLE><SECONDARY_TITLE>Proceedings of the 4th International Conference on Information Fusion</SECONDARY_TITLE><PLACE_PUBLISHED>Montreal, Canada</PLACE_PUBLISHED><PUBLISHER>International Society of Information Fusion</PUBLISHER><PAGES>11-16</PAGES><LABEL>qi2001a</LABEL></RECORD>

<RECORD><REFERENCE_TYPE>0</REFERENCE_TYPE><REFNUM>49</REFNUM><AUTHORS><AUTHOR>Lange, D. B.</AUTHOR><AUTHOR>Oshima, M.</AUTHOR></AUTHORS><YEAR>1999</YEAR><TITLE>Seven good reasons for mobile agents</TITLE><SECONDARY_TITLE>Communications of the ACM</SECONDARY_TITLE><VOLUME>42</VOLUME><NUMBER>3</NUMBER><PAGES>88-89</PAGES><LABEL>lange1999</LABEL></RECORD>

<RECORD><REFERENCE_TYPE>0</REFERENCE_TYPE><REFNUM>50</REFNUM><AUTHORS><AUTHOR>Chen, M.</AUTHOR><AUTHOR>Kwon, T.</AUTHOR><AUTHOR>Yuan, Y.</AUTHOR><AUTHOR>Choi, Y.</AUTHOR><AUTHOR>Leung, V.C.M.</AUTHOR></AUTHORS><YEAR>2007</YEAR><TITLE>Mobile agent-based directed diffusion in wireless sensor networks</TITLE><SECONDARY_TITLE>EURASIP Journal on Advances in Signal Processing</SECONDARY_TITLE><VOLUME>2007</VOLUME><NUMBER>1</NUMBER><PAGES>219-219</PAGES><LABEL>chen2007</LABEL></RECORD>

<RECORD><REFERENCE_TYPE>33</REFERENCE_TYPE><REFNUM>51</REFNUM><AUTHORS><AUTHOR>Patel, RB</AUTHOR><AUTHOR>Jain, D.</AUTHOR></AUTHORS><YEAR>2009</YEAR><DATE>23-24 January, 2009</DATE><TITLE>Energy efficient data diffusion in wireless sensor networks</TITLE><SECONDARY_TITLE>Proceedings of the International Conference on Advances in Computing, Communication and Control</SECONDARY_TITLE><PLACE_PUBLISHED>Mumbai, India</PLACE_PUBLISHED><PUBLISHER>ACM</PUBLISHER><PAGES>643-648</PAGES><LABEL>patel2009</LABEL></RECORD>

<RECORD><REFERENCE_TYPE>0</REFERENCE_TYPE><REFNUM>52</REFNUM><AUTHORS><AUTHOR>Cao, Y.</AUTHOR><AUTHOR>He, C.</AUTHOR><AUTHOR>Jiang, L.</AUTHOR></AUTHORS><YEAR>2007</YEAR><TITLE>Energy-efficient routing for mobile agents in wireless sensor networks</TITLE><SECONDARY_TITLE>Frontiers of Electrical and Electronic Engineering in China</SECONDARY_TITLE><VOLUME>2</VOLUME><NUMBER>2</NUMBER><PAGES>161-166</PAGES><LABEL>cao2007</LABEL></RECORD>

<RECORD><REFERENCE_TYPE>0</REFERENCE_TYPE><REFNUM>53</REFNUM><AUTHORS><AUTHOR>Hla, K.H.S.</AUTHOR><AUTHOR>Choi, Y.</AUTHOR><AUTHOR>Park, J.S.</AUTHOR></AUTHORS><YEAR>2008</YEAR><TITLE>The multi agent system solutions for wireless sensor network applications</TITLE><SECONDARY_TITLE>Lecture Notes in Computer Science</SECONDARY_TITLE><VOLUME>4953</VOLUME><PAGES>454</PAGES><LABEL>hla2008</LABEL></RECORD>

<RECORD><REFERENCE_TYPE>0</REFERENCE_TYPE><REFNUM>54</REFNUM><AUTHORS><AUTHOR>Wang, X.</AUTHOR><AUTHOR>Wang, S.</AUTHOR></AUTHORS><YEAR>2007</YEAR><TITLE>Collaborative signal processing for target tracking in distributed wireless sensor networks</TITLE><SECONDARY_TITLE>Journal of Parallel and Distributed Computing</SECONDARY_TITLE><VOLUME>67</VOLUME><NUMBER>5</NUMBER><PAGES>501-515</PAGES><LABEL>wang2007</LABEL></RECORD>

<RECORD><REFERENCE_TYPE>0</REFERENCE_TYPE><REFNUM>55</REFNUM><AUTHORS><AUTHOR>Harrison, C.G.</AUTHOR><AUTHOR>Chess, D.M.</AUTHOR><AUTHOR>Kershenbaum, A.</AUTHOR></AUTHORS><YEAR>1997</YEAR><TITLE>Mobile agents: Are they a good idea</TITLE><SECONDARY_TITLE>Mobile Object Systems: Towards the Programmable Internet</SECONDARY_TITLE><VOLUME>1222</VOLUME><PAGES>25-47</PAGES><LABEL>harrison1997</LABEL></RECORD>

<RECORD><REFERENCE_TYPE>0</REFERENCE_TYPE><REFNUM>56</REFNUM><AUTHORS><AUTHOR>Boulis, A.</AUTHOR><AUTHOR>Ganeriwal, S.</AUTHOR><AUTHOR>Srivastava, M.B.</AUTHOR></AUTHORS><YEAR>2003</YEAR><TITLE>Aggregation in sensor networks: an energy-accuracy trade-off</TITLE><SECONDARY_TITLE>Ad hoc networks</SECONDARY_TITLE><VOLUME>1</VOLUME><NUMBER>2-3</NUMBER><PAGES>317-331</PAGES><LABEL>boulis2003</LABEL></RECORD>

<RECORD><REFERENCE_TYPE>0</REFERENCE_TYPE><REFNUM>57</REFNUM><AUTHORS><AUTHOR>Li, L.</AUTHOR><AUTHOR>Maunder, R.G.</AUTHOR><AUTHOR>Al-Hashimi, B.M.</AUTHOR><AUTHOR>Hanzo, L.</AUTHOR></AUTHORS><YEAR>2009</YEAR><TITLE>An energy-efficient error correction scheme for IEEE 802.15.4 wireless sensor networks</TITLE><SECONDARY_TITLE>IEEE Transactions on Circuits and Systems II</SECONDARY_TITLE><LABEL>li2009</LABEL></RECORD>

<RECORD><REFERENCE_TYPE>31</REFERENCE_TYPE><REFNUM>58</REFNUM><AUTHORS><AUTHOR>Jeong, J.</AUTHOR><AUTHOR>Ee, C.T.</AUTHOR></AUTHORS><YEAR>2006</YEAR><TITLE>Forward error correction in sensor networks</TITLE><PUBLISHER>University of California, Berkeley</PUBLISHER><LABEL>jeong2006</LABEL></RECORD>

<RECORD><REFERENCE_TYPE>33</REFERENCE_TYPE><REFNUM>59</REFNUM><AUTHORS><AUTHOR>Vuran, M.C.</AUTHOR><AUTHOR>Akyildiz, I.F.</AUTHOR></AUTHORS><YEAR>2006</YEAR><DATE>25-28 September, 2006</DATE><TITLE>Cross-layer analysis of error control in wireless sensor networks</TITLE><SECONDARY_TITLE>Proceedings of IEEE International Conference on Sensor and Ad-hoc Communications and Networks</SECONDARY_TITLE><PLACE_PUBLISHED>Reston, VA, USA</PLACE_PUBLISHED><PUBLISHER>IEEE</PUBLISHER><PAGES>585-594</PAGES><LABEL>vuran2006</LABEL></RECORD>

<RECORD><REFERENCE_TYPE>33</REFERENCE_TYPE><REFNUM>60</REFNUM><AUTHORS><AUTHOR>Busse, M.</AUTHOR><AUTHOR>Haenselmann, T.</AUTHOR><AUTHOR>King, T.</AUTHOR><AUTHOR>Effelsberg, W.</AUTHOR></AUTHORS><YEAR>2006</YEAR><DATE>19 June, 2006</DATE><TITLE>The impact of forward error correction on wireless sensor network performance</TITLE><SECONDARY_TITLE>Proceedings of ACM Workshop on Real-World Wireless Sensor Networks</SECONDARY_TITLE><PLACE_PUBLISHED>Uppsala, Sweden</PLACE_PUBLISHED><PUBLISHER>ACM</PUBLISHER><LABEL>busse2006</LABEL></RECORD>

<RECORD><REFERENCE_TYPE>33</REFERENCE_TYPE><REFNUM>61</REFNUM><AUTHORS><AUTHOR>Krishnamachari, B.</AUTHOR><AUTHOR>Estrin, D.</AUTHOR><AUTHOR>Wicker, S.</AUTHOR></AUTHORS><YEAR>2002</YEAR><DATE>2-5 July, 2002</DATE><TITLE>The impact of data aggregation in wireless sensor networks</TITLE><SECONDARY_TITLE>Proceedings of the 22nd International Conference on Distributed Computing Systems Workshops</SECONDARY_TITLE><PLACE_PUBLISHED>Vienna, Austria</PLACE_PUBLISHED><PUBLISHER>IEEE</PUBLISHER><PAGES>575-578</PAGES><LABEL>krishnamachari2002</LABEL></RECORD>

<RECORD><REFERENCE_TYPE>0</REFERENCE_TYPE><REFNUM>62</REFNUM><AUTHORS><AUTHOR>Bischoff, R.</AUTHOR><AUTHOR>Meyer, J.</AUTHOR><AUTHOR>Feltrin, G.</AUTHOR></AUTHORS><YEAR>2009</YEAR><TITLE>Wireless Sensor Network Platforms</TITLE><SECONDARY_TITLE>Encyclopaedia of Structural Health Monitoring</SECONDARY_TITLE><PLACE_PUBLISHED>Chichester, UK</PLACE_PUBLISHED><PUBLISHER>John Wiley &#x0026; Sons</PUBLISHER><PAGES>1229-1238</PAGES><LABEL>bischoff2009</LABEL></RECORD>

<RECORD><REFERENCE_TYPE>0</REFERENCE_TYPE><REFNUM>63</REFNUM><AUTHORS><AUTHOR>Bose, R.</AUTHOR></AUTHORS><YEAR>2009</YEAR><TITLE>Sensor Networks-Motes, Smart Spaces, and Beyond</TITLE><SECONDARY_TITLE>IEEE Pervasive Computing</SECONDARY_TITLE><VOLUME>8</VOLUME><NUMBER>3</NUMBER><PAGES>84-90</PAGES><LABEL>bose2009</LABEL></RECORD>

<RECORD><REFERENCE_TYPE>33</REFERENCE_TYPE><REFNUM>64</REFNUM><AUTHORS><AUTHOR>Heinzelman, W. R.</AUTHOR><AUTHOR>Kulik, J.</AUTHOR><AUTHOR>Balakrishnan, H.</AUTHOR></AUTHORS><YEAR>1999</YEAR><DATE>15-19 August, 1999</DATE><TITLE>Adaptive protocols for information dissemination in wireless sensor networks</TITLE><SECONDARY_TITLE>Proceedings of the 5th Annual ACM/IEEE International Conference on Mobile Computing and Networking</SECONDARY_TITLE><PLACE_PUBLISHED>Seattle, WA, USA</PLACE_PUBLISHED><PUBLISHER>ACM</PUBLISHER><PAGES>174-185</PAGES><LABEL>heinzelman1999</LABEL></RECORD>

<RECORD><REFERENCE_TYPE>33</REFERENCE_TYPE><REFNUM>65</REFNUM><AUTHORS><AUTHOR>Li, E. L.</AUTHOR><AUTHOR>Halpern, J. Y.</AUTHOR></AUTHORS><YEAR>2001</YEAR><DATE>11-14 June, 2001</DATE><TITLE>Minimum-energy mobile wireless networks revisited</TITLE><SECONDARY_TITLE>IEEE International Conference on Communications</SECONDARY_TITLE><PLACE_PUBLISHED>Helsinki, Finland</PLACE_PUBLISHED><PUBLISHER>IEEE</PUBLISHER><VOLUME>1</VOLUME><PAGES>278-283</PAGES><LABEL>li2001</LABEL></RECORD>

<RECORD><REFERENCE_TYPE>0</REFERENCE_TYPE><REFNUM>66</REFNUM><AUTHORS><AUTHOR>Sohrabi, K.</AUTHOR><AUTHOR>Gao, J.</AUTHOR><AUTHOR>Ailawadhi, V.</AUTHOR><AUTHOR>Pottie, G. J.</AUTHOR></AUTHORS><YEAR>2000</YEAR><TITLE>Protocols for self-organization of a wireless sensor network</TITLE><SECONDARY_TITLE>IEEE Personal Communications</SECONDARY_TITLE><VOLUME>7</VOLUME><NUMBER>5</NUMBER><PAGES>16-27</PAGES><LABEL>sohrabi2000</LABEL></RECORD>

<RECORD><REFERENCE_TYPE>33</REFERENCE_TYPE><REFNUM>67</REFNUM><AUTHORS><AUTHOR>Heinzelman, W. R.</AUTHOR><AUTHOR>Chandrakasan, A.</AUTHOR><AUTHOR>Balakrishnan, H.</AUTHOR></AUTHORS><YEAR>2000</YEAR><DATE>4-7 January, 2000</DATE><TITLE>Energy-efficient communication protocol for wireless microsensor networks</TITLE><SECONDARY_TITLE>Proceedings of the 33rd Hawaii International Conference on System Sciences</SECONDARY_TITLE><PLACE_PUBLISHED>Wailea Maui, HI, USA</PLACE_PUBLISHED><PUBLISHER>IEEE</PUBLISHER><VOLUME>8</VOLUME><PAGES>3005-3015</PAGES><LABEL>heinzelman2000</LABEL></RECORD>

<RECORD><REFERENCE_TYPE>33</REFERENCE_TYPE><REFNUM>68</REFNUM><AUTHORS><AUTHOR>Intanagonwiwat, C.</AUTHOR><AUTHOR>Govindan, R.</AUTHOR><AUTHOR>Estrin, D.</AUTHOR></AUTHORS><YEAR>2000</YEAR><DATE>6-11 August, 2000</DATE><TITLE>Directed diffusion: A scalable and robust communication paradigm for sensor networks</TITLE><SECONDARY_TITLE>Proceedings of the 6th Annual International Conference on Mobile Computing and Networking</SECONDARY_TITLE><PLACE_PUBLISHED>Boston, MA, USA</PLACE_PUBLISHED><PUBLISHER>ACM</PUBLISHER><PAGES>56-67</PAGES><LABEL>intanagonwiwat2000</LABEL></RECORD>

<RECORD><REFERENCE_TYPE>33</REFERENCE_TYPE><REFNUM>69</REFNUM><AUTHORS><AUTHOR>Braginsky, D.</AUTHOR><AUTHOR>Estrin, D.</AUTHOR></AUTHORS><YEAR>2002</YEAR><DATE>28 September, 2002</DATE><TITLE>Rumor routing algorthim for sensor networks</TITLE><SECONDARY_TITLE>Proceedings of the 1st ACM International Workshop on Wireless Sensor Networks and Applications</SECONDARY_TITLE><PLACE_PUBLISHED>Atlanta, GA, USA</PLACE_PUBLISHED><PUBLISHER>ACM</PUBLISHER><PAGES>22-31</PAGES><LABEL>braginsky2002</LABEL></RECORD>

<RECORD><REFERENCE_TYPE>0</REFERENCE_TYPE><REFNUM>70</REFNUM><AUTHORS><AUTHOR>Chu, M.</AUTHOR><AUTHOR>Haussecker, H.</AUTHOR><AUTHOR>Zhao, F.</AUTHOR></AUTHORS><YEAR>2002</YEAR><TITLE>Scalable information-driven sensor querying and routing for ad hoc heterogeneous sensor networks</TITLE><SECONDARY_TITLE>International Journal of High Performance Computing Applications</SECONDARY_TITLE><VOLUME>16</VOLUME><NUMBER>3</NUMBER><PAGES>293</PAGES><LABEL>chu2002</LABEL></RECORD>

<RECORD><REFERENCE_TYPE>33</REFERENCE_TYPE><REFNUM>71</REFNUM><AUTHORS><AUTHOR>Kumar, R.</AUTHOR><AUTHOR>Wolenetz, M.</AUTHOR><AUTHOR>Agarwalla, B.</AUTHOR><AUTHOR>Shin, J. S.</AUTHOR><AUTHOR>Hutto, P.</AUTHOR><AUTHOR>Paul, A.</AUTHOR><AUTHOR>Ramachandran, U.</AUTHOR></AUTHORS><YEAR>2003</YEAR><DATE>5-7 November, 2003</DATE><TITLE>DFuse: a framework for distributed data fusion</TITLE><SECONDARY_TITLE>Proceedings of the 1st International Conference on Embedded Networked Sensor Systems</SECONDARY_TITLE><PLACE_PUBLISHED>Los Angeles, CA, USA</PLACE_PUBLISHED><PUBLISHER>ACM</PUBLISHER><PAGES>114-125</PAGES><LABEL>kumar2003</LABEL></RECORD>

<RECORD><REFERENCE_TYPE>0</REFERENCE_TYPE><REFNUM>72</REFNUM><AUTHORS><AUTHOR>Zou, L.</AUTHOR><AUTHOR>Lu, M.</AUTHOR><AUTHOR>Xiong, Z.</AUTHOR></AUTHORS><YEAR>2005</YEAR><TITLE>A Distributed Algorithm for the Dead End Problem of Location Based Routing in Sensor Networks</TITLE><SECONDARY_TITLE>IEEE Transactions on Vehicular Technology</SECONDARY_TITLE><VOLUME>54</VOLUME><NUMBER>4</NUMBER><PAGES>1509-1522</PAGES><LABEL>zou2005</LABEL></RECORD>

<RECORD><REFERENCE_TYPE>33</REFERENCE_TYPE><REFNUM>73</REFNUM><AUTHORS><AUTHOR>Guo, C.</AUTHOR><AUTHOR>Zhong, L.</AUTHOR><AUTHOR>Rabaey, J.</AUTHOR></AUTHORS><YEAR>2001</YEAR><DATE>25-29 November, 2001</DATE><TITLE>Low Power Ditributed MAC for Ad Hoc Sensor Radio Networks</TITLE><SECONDARY_TITLE>IEEE Global Telecommunications Conference</SECONDARY_TITLE><PLACE_PUBLISHED>San Antonio, TX, USA</PLACE_PUBLISHED><PUBLISHER>IEEE</PUBLISHER><VOLUME>5</VOLUME><PAGES>2944-2948</PAGES><LABEL>guo2001</LABEL></RECORD>

<RECORD><REFERENCE_TYPE>33</REFERENCE_TYPE><REFNUM>74</REFNUM><AUTHORS><AUTHOR>Shih, E.</AUTHOR><AUTHOR>Cho, S.H.</AUTHOR><AUTHOR>Ickes, N.</AUTHOR><AUTHOR>Min, R.</AUTHOR><AUTHOR>Sinha, A.</AUTHOR><AUTHOR>Wang, A.</AUTHOR><AUTHOR>Chandrakasan, A.</AUTHOR></AUTHORS><YEAR>2001</YEAR><DATE>16-21 July, 2001</DATE><TITLE>Physical layer driven protocol and algorithm design for energy-efficient wireless sensor networks</TITLE><SECONDARY_TITLE>Proceedings of the 7th Annual International Conference on Mobile Computing and Networking</SECONDARY_TITLE><PLACE_PUBLISHED>Rome, Italy</PLACE_PUBLISHED><PUBLISHER>ACM</PUBLISHER><PAGES>272-287</PAGES><LABEL>shih2001</LABEL></RECORD>

<RECORD><REFERENCE_TYPE>0</REFERENCE_TYPE><REFNUM>75</REFNUM><AUTHORS><AUTHOR>Li, Q.</AUTHOR><AUTHOR>Peterson, R.</AUTHOR><AUTHOR>DeRosa, M.</AUTHOR><AUTHOR>Rus, D.</AUTHOR></AUTHORS><YEAR>2003</YEAR><TITLE>Reactive behavior in self-reconfiguring sensor networks</TITLE><SECONDARY_TITLE>ACM Mobile Computing and Communications Review</SECONDARY_TITLE><VOLUME>7</VOLUME><NUMBER>1</NUMBER><PAGES>56-58</PAGES><LABEL>li2003</LABEL></RECORD>

<RECORD><REFERENCE_TYPE>0</REFERENCE_TYPE><REFNUM>76</REFNUM><AUTHORS><AUTHOR>Iyengar, S. S.</AUTHOR><AUTHOR>Jayasimha, D. N .</AUTHOR><AUTHOR>Nadig, D.</AUTHOR></AUTHORS><YEAR>1994</YEAR><TITLE>A Versatile Architecture for the Distributed Sensor Integration Problem</TITLE><SECONDARY_TITLE>IEEE Transactions on Computers</SECONDARY_TITLE><VOLUME>43</VOLUME><NUMBER>2</NUMBER><PAGES>175-185</PAGES><LABEL>iyengar1994</LABEL></RECORD>

<RECORD><REFERENCE_TYPE>0</REFERENCE_TYPE><REFNUM>77</REFNUM><AUTHORS><AUTHOR>Wesson, R.</AUTHOR><AUTHOR>Hayes-Roth, F.</AUTHOR><AUTHOR>Burge, J.W.</AUTHOR><AUTHOR>Stasz, C.</AUTHOR><AUTHOR>Sunshine, C.A.</AUTHOR></AUTHORS><YEAR>1981</YEAR><TITLE>Network structures for distributed situation assessment</TITLE><SECONDARY_TITLE>IEEE Transactions on Systems, Man and Cybernetics</SECONDARY_TITLE><VOLUME>11</VOLUME><NUMBER>1</NUMBER><PAGES>5-23</PAGES><LABEL>wesson1981</LABEL></RECORD>

<RECORD><REFERENCE_TYPE>0</REFERENCE_TYPE><REFNUM>78</REFNUM><AUTHORS><AUTHOR>Jayasimha, DN</AUTHOR><AUTHOR>Iyengar, S.S.</AUTHOR><AUTHOR>Kashyap, RL</AUTHOR></AUTHORS><YEAR>1991</YEAR><TITLE>Information integration and synchronization in distributed sensor networks</TITLE><SECONDARY_TITLE>IEEE Transactions on Systems, Man, and Cybernetics</SECONDARY_TITLE><VOLUME>21</VOLUME><NUMBER>5</NUMBER><PAGES>1032-1043</PAGES><LABEL>jayasimha1991</LABEL></RECORD>

<RECORD><REFERENCE_TYPE>0</REFERENCE_TYPE><REFNUM>79</REFNUM><AUTHORS><AUTHOR>Lian, F.L.</AUTHOR><AUTHOR>Moyne, J.</AUTHOR><AUTHOR>Tilbury, D.</AUTHOR><AUTHOR>others</AUTHOR></AUTHORS><YEAR>2002</YEAR><TITLE>Network design consideration for distributed control systems</TITLE><SECONDARY_TITLE>IEEE Transactions on Control Systems Technology</SECONDARY_TITLE><VOLUME>10</VOLUME><NUMBER>2</NUMBER><PAGES>297-307</PAGES><LABEL>lian2002</LABEL></RECORD>

<RECORD><REFERENCE_TYPE>31</REFERENCE_TYPE><REFNUM>80</REFNUM><AUTHORS><AUTHOR>Yu, Y.</AUTHOR><AUTHOR>Govindan, R.</AUTHOR><AUTHOR>Estrin, D.</AUTHOR></AUTHORS><YEAR>2001</YEAR><TITLE>Geographical and energy aware routing: A recursive data dissemination protocol for wireless sensor networks</TITLE><PUBLISHER>UCLA Computer Science Department Technical Report, UCLA-CSD TR-01-0023</PUBLISHER><LABEL>yu2001</LABEL></RECORD>

<RECORD><REFERENCE_TYPE>33</REFERENCE_TYPE><REFNUM>81</REFNUM><AUTHORS><AUTHOR>Hui, J.W.</AUTHOR><AUTHOR>Culler, D.</AUTHOR></AUTHORS><YEAR>2004</YEAR><DATE>3-5 November, 2004</DATE><TITLE>The dynamic behavior of a data dissemination protocol for network programming at scale</TITLE><SECONDARY_TITLE>Proceedings of the 2nd International Conference on Embedded Networked Sensor Systems</SECONDARY_TITLE><PLACE_PUBLISHED>Baltimore, MD, USA</PLACE_PUBLISHED><PUBLISHER>ACM</PUBLISHER><PAGES>81-94</PAGES><LABEL>hui2004</LABEL></RECORD>

<RECORD><REFERENCE_TYPE>0</REFERENCE_TYPE><REFNUM>82</REFNUM><AUTHORS><AUTHOR>Lim, A.</AUTHOR></AUTHORS><YEAR>2001</YEAR><TITLE>Distributed services for information dissemination in self-organizing sensor networks</TITLE><SECONDARY_TITLE>Journal of the Franklin Institute</SECONDARY_TITLE><VOLUME>338</VOLUME><NUMBER>6</NUMBER><PAGES>707-727</PAGES><LABEL>lim2001</LABEL></RECORD>

<RECORD><REFERENCE_TYPE>0</REFERENCE_TYPE><REFNUM>83</REFNUM><AUTHORS><AUTHOR>Kulkarni, S.S.</AUTHOR><AUTHOR>Arumugam, M.</AUTHOR></AUTHORS><YEAR>2006</YEAR><TITLE>Infuse: A TDMA based data dissemination protocol for sensor networks</TITLE><SECONDARY_TITLE>International Journal of Distributed Sensor Networks</SECONDARY_TITLE><VOLUME>2</VOLUME><NUMBER>1</NUMBER><PAGES>55-78</PAGES><LABEL>kulkarni2006</LABEL></RECORD>

<RECORD><REFERENCE_TYPE>0</REFERENCE_TYPE><REFNUM>84</REFNUM><AUTHORS><AUTHOR>Sabbineni, H.</AUTHOR><AUTHOR>Chakrabarty, K.</AUTHOR></AUTHORS><YEAR>2005</YEAR><TITLE>Location-aided flooding: an energy-efficient data dissemination protocol for wireless-sensor networks</TITLE><SECONDARY_TITLE>IEEE Transactions on Computers</SECONDARY_TITLE><VOLUME>54</VOLUME><NUMBER>1</NUMBER><PAGES>36-46</PAGES><LABEL>sabbineni2005</LABEL></RECORD>

<RECORD><REFERENCE_TYPE>33</REFERENCE_TYPE><REFNUM>85</REFNUM><AUTHORS><AUTHOR>Trigoni, N.</AUTHOR><AUTHOR>Yao, Y.</AUTHOR><AUTHOR>Demers, A.</AUTHOR><AUTHOR>Gehrke, J.</AUTHOR><AUTHOR>Rajaraman, R.</AUTHOR></AUTHORS><YEAR>2004</YEAR><DATE>30 August, 2004</DATE><TITLE>WaveScheduling: Energy-efficient data dissemination for sensor networks</TITLE><SECONDARY_TITLE>Proceedings of the 1st Workshop on Data Management for Sensor Networks</SECONDARY_TITLE><PLACE_PUBLISHED>Toronto, Canada</PLACE_PUBLISHED><PUBLISHER>ACM</PUBLISHER><PAGES>48-57</PAGES><LABEL>trigoni2004</LABEL></RECORD>

<RECORD><REFERENCE_TYPE>33</REFERENCE_TYPE><REFNUM>86</REFNUM><AUTHORS><AUTHOR>Coffin, D.A.</AUTHOR><AUTHOR>Van Hook, D.J.</AUTHOR><AUTHOR>McGarry, S.M.</AUTHOR><AUTHOR>Kolek, S.R.</AUTHOR></AUTHORS><YEAR>2000</YEAR><DATE>31 July, 2000</DATE><TITLE>Declarative ad-hoc sensor networking</TITLE><SECONDARY_TITLE>Proceedings of the Conference on Integrated Command Environments</SECONDARY_TITLE><PLACE_PUBLISHED>San Diego, CA, USA</PLACE_PUBLISHED><PUBLISHER>SPIE</PUBLISHER><PAGES>109-120</PAGES><LABEL>coffin2000</LABEL></RECORD>

<RECORD><REFERENCE_TYPE>33</REFERENCE_TYPE><REFNUM>87</REFNUM><AUTHORS><AUTHOR>Kim, S.</AUTHOR><AUTHOR>Son, SH</AUTHOR><AUTHOR>Stankovic, JA</AUTHOR><AUTHOR>Li, S.</AUTHOR><AUTHOR>Choi, Y.</AUTHOR></AUTHORS><YEAR>2003</YEAR><DATE>19-22, May 2003</DATE><TITLE>SAFE: A data dissemination protocol for periodic updates in sensor networks</TITLE><SECONDARY_TITLE>Proceedings of the 23rd International Conference on Distributed Computing Systems Workshops</SECONDARY_TITLE><PLACE_PUBLISHED>Providence, RI, USA</PLACE_PUBLISHED><PAGES>228-234</PAGES><LABEL>kim2003</LABEL></RECORD>

<RECORD><REFERENCE_TYPE>0</REFERENCE_TYPE><REFNUM>88</REFNUM><AUTHORS><AUTHOR>Ye, F.</AUTHOR><AUTHOR>Zhong, G.</AUTHOR><AUTHOR>Lu, S.</AUTHOR><AUTHOR>Zhang, L.</AUTHOR></AUTHORS><YEAR>2005</YEAR><TITLE>Gradient broadcast: A robust data delivery protocol for large scale sensor networks</TITLE><SECONDARY_TITLE>Wireless Networks</SECONDARY_TITLE><PUBLISHER>Springer</PUBLISHER><VOLUME>11</VOLUME><NUMBER>3</NUMBER><PAGES>285-298</PAGES><LABEL>ye2005</LABEL></RECORD>

<RECORD><REFERENCE_TYPE>0</REFERENCE_TYPE><REFNUM>89</REFNUM><AUTHORS><AUTHOR>Luo, H.</AUTHOR><AUTHOR>Ye, F.</AUTHOR><AUTHOR>Cheng, J.</AUTHOR><AUTHOR>Lu, S.</AUTHOR><AUTHOR>Zhang, L.</AUTHOR></AUTHORS><YEAR>2005</YEAR><TITLE>TTDD: Two-tier data dissemination in large-scale wireless sensor networks</TITLE><SECONDARY_TITLE>Wireless Networks</SECONDARY_TITLE><VOLUME>11</VOLUME><NUMBER>1</NUMBER><PAGES>161-175</PAGES><LABEL>luo2005</LABEL></RECORD>

<RECORD><REFERENCE_TYPE>0</REFERENCE_TYPE><REFNUM>90</REFNUM><AUTHORS><AUTHOR>Shenker, S.</AUTHOR><AUTHOR>Ratnasamy, S.</AUTHOR><AUTHOR>Karp, B.</AUTHOR><AUTHOR>Govindan, R.</AUTHOR><AUTHOR>Estrin, D.</AUTHOR></AUTHORS><YEAR>2003</YEAR><TITLE>Data-centric storage in sensornets</TITLE><SECONDARY_TITLE>ACM SIGCOMM Computer Communication Review</SECONDARY_TITLE><VOLUME>33</VOLUME><NUMBER>1</NUMBER><PAGES>137-142</PAGES><LABEL>shenker2003</LABEL></RECORD>

<RECORD><REFERENCE_TYPE>0</REFERENCE_TYPE><REFNUM>91</REFNUM><AUTHORS><AUTHOR>Sivrikaya, F.</AUTHOR><AUTHOR>Yener, B.</AUTHOR></AUTHORS><YEAR>2004</YEAR><TITLE>Time synchronization in sensor networks: A survey</TITLE><SECONDARY_TITLE>IEEE Network</SECONDARY_TITLE><VOLUME>18</VOLUME><NUMBER>4</NUMBER><PAGES>45-50</PAGES><LABEL>sivrikaya2004</LABEL></RECORD>

<RECORD><REFERENCE_TYPE>16</REFERENCE_TYPE><REFNUM>92</REFNUM><AUTHORS><AUTHOR>Dopplinger, Alexandra</AUTHOR><AUTHOR>Innis, Jim</AUTHOR></AUTHORS><YEAR>2007</YEAR><NUMBER>20 October 2009</NUMBER><TITLE>Using IEEE 1588 for synchronization of network-connected devices</TITLE><URL>http://www.embedded.com/columns/technicalinsights/198500595</URL><PUBLISHER>Embedded.com</PUBLISHER><LABEL>dopplinger2007</LABEL></RECORD>

<RECORD><REFERENCE_TYPE>33</REFERENCE_TYPE><REFNUM>93</REFNUM><AUTHORS><AUTHOR>Elson, J.</AUTHOR><AUTHOR>Estrin, D.</AUTHOR></AUTHORS><YEAR>2001</YEAR><DATE>27 April, 2001</DATE><TITLE>Time Synchronisation for Wireless Sensor Networks</TITLE><SECONDARY_TITLE>IPDPS Workshop on Parallel and Distributed Computing Issues in Wireless Networks and Mobile Computing</SECONDARY_TITLE><PLACE_PUBLISHED>San Francisco, CA, USA</PLACE_PUBLISHED><LABEL>elson2001</LABEL></RECORD>

<RECORD><REFERENCE_TYPE>0</REFERENCE_TYPE><REFNUM>94</REFNUM><AUTHORS><AUTHOR>Ishikawa, K.</AUTHOR><AUTHOR>Mita, A.</AUTHOR></AUTHORS><YEAR>2008</YEAR><TITLE>Time synchronization of a wired sensor network for structural health monitoring</TITLE><SECONDARY_TITLE>Smart Materials and Structures</SECONDARY_TITLE><VOLUME>17</VOLUME><NUMBER>1</NUMBER><PAGES>15016-15021</PAGES><LABEL>ishikawa2008</LABEL></RECORD>

<RECORD><REFERENCE_TYPE>33</REFERENCE_TYPE><REFNUM>95</REFNUM><AUTHORS><AUTHOR>Mar&#x00F3;ti, M.</AUTHOR><AUTHOR>Kusy, B.</AUTHOR><AUTHOR>Simon, G.</AUTHOR><AUTHOR>L&#x00E9;deczi, &#x00C1;.</AUTHOR></AUTHORS><YEAR>2004</YEAR><DATE>3-5 November, 2004</DATE><TITLE>The flooding time synchronization protocol</TITLE><SECONDARY_TITLE>Proceedings of the 2nd International Conference on Embedded Networked Sensor Systems</SECONDARY_TITLE><PLACE_PUBLISHED>Baltimore, MD, USA</PLACE_PUBLISHED><PUBLISHER>ACM</PUBLISHER><PAGES>39-49</PAGES><LABEL>maroti2004</LABEL></RECORD>

<RECORD><REFERENCE_TYPE>33</REFERENCE_TYPE><REFNUM>96</REFNUM><AUTHORS><AUTHOR>Ganeriwal, S.</AUTHOR><AUTHOR>Kumar, R.</AUTHOR><AUTHOR>Srivastava, M.B.</AUTHOR></AUTHORS><YEAR>2003</YEAR><DATE>5-7 November, 2003</DATE><TITLE>Timing-sync protocol for sensor networks</TITLE><SECONDARY_TITLE>Proceedings of the 1st International Conference on Embedded Networked Sensor Systems</SECONDARY_TITLE><PLACE_PUBLISHED>Los Angeles, CA, USA</PLACE_PUBLISHED><PUBLISHER>ACM</PUBLISHER><PAGES>138-149</PAGES><LABEL>ganeriwal2003</LABEL></RECORD>

<RECORD><REFERENCE_TYPE>31</REFERENCE_TYPE><REFNUM>97</REFNUM><AUTHORS><AUTHOR>Ganeriwal, S.</AUTHOR><AUTHOR>Kumar, R.</AUTHOR><AUTHOR>Adlakha, S.</AUTHOR><AUTHOR>Srivastava, M.</AUTHOR></AUTHORS><YEAR>2003</YEAR><TITLE>Network-wide time synchronization in sensor networks</TITLE><PUBLISHER>Department of Electrical Engineering, UCLA, NESL Technical Report</PUBLISHER><LABEL>ganeriwal2003a</LABEL></RECORD>

<RECORD><REFERENCE_TYPE>33</REFERENCE_TYPE><REFNUM>98</REFNUM><AUTHORS><AUTHOR>Woo, A.</AUTHOR><AUTHOR>Tong, T.</AUTHOR><AUTHOR>Culler, D.</AUTHOR></AUTHORS><YEAR>2003</YEAR><DATE>5-7 November, 2003</DATE><TITLE>Taming the underlying challenges of reliable multihop routing in sensor networks</TITLE><SECONDARY_TITLE>Proceedings of the 1st International Conference on Embedded Networked Sensor Systems</SECONDARY_TITLE><PLACE_PUBLISHED>Los Angeles, CA, USA</PLACE_PUBLISHED><PUBLISHER>ACM</PUBLISHER><PAGES>14-27</PAGES><LABEL>woo2003</LABEL></RECORD>

<RECORD><REFERENCE_TYPE>0</REFERENCE_TYPE><REFNUM>99</REFNUM><AUTHORS><AUTHOR>Dai, H.</AUTHOR><AUTHOR>Han, R.</AUTHOR></AUTHORS><YEAR>2004</YEAR><TITLE>TSync: a lightweight bidirectional time synchronization service for wireless sensor networks</TITLE><SECONDARY_TITLE>ACM SIGMOBILE Mobile Computing and Communications Review</SECONDARY_TITLE><VOLUME>8</VOLUME><NUMBER>1</NUMBER><PAGES>125-139</PAGES><LABEL>dai2004</LABEL></RECORD>

<RECORD><REFERENCE_TYPE>0</REFERENCE_TYPE><REFNUM>100</REFNUM><AUTHORS><AUTHOR>Elson, J.</AUTHOR><AUTHOR>Girod, L.</AUTHOR><AUTHOR>Estrin, D.</AUTHOR></AUTHORS><YEAR>2002</YEAR><TITLE>Fine-grained network time synchronization using reference broadcasts</TITLE><SECONDARY_TITLE>ACM SIGOPS Operating Systems Review</SECONDARY_TITLE><VOLUME>36</VOLUME><PAGES>147-163</PAGES><LABEL>elson2002</LABEL></RECORD>

<RECORD><REFERENCE_TYPE>0</REFERENCE_TYPE><REFNUM>101</REFNUM><AUTHORS><AUTHOR>Elson, J.</AUTHOR><AUTHOR>R&#x00F6;mer, K.</AUTHOR></AUTHORS><YEAR>2003</YEAR><TITLE>Wireless sensor networks: A new regime for time synchronization</TITLE><SECONDARY_TITLE>ACM SIGCOMM Computer Communication Review</SECONDARY_TITLE><VOLUME>33</VOLUME><NUMBER>1</NUMBER><PAGES>149-154</PAGES><LABEL>elson2003</LABEL></RECORD>

<RECORD><REFERENCE_TYPE>33</REFERENCE_TYPE><REFNUM>102</REFNUM><AUTHORS><AUTHOR>R&#x00F6;mer, K.</AUTHOR></AUTHORS><YEAR>2003</YEAR><DATE>25-27 June, 2003</DATE><TITLE>Temporal message ordering in wireless sensor networks</TITLE><SECONDARY_TITLE>Proceedings of the 2nd IFIP Mediterranean Workshop on Ad-Hoc Networks</SECONDARY_TITLE><PLACE_PUBLISHED>Mahdia, Tunisia</PLACE_PUBLISHED><PUBLISHER>IFIP</PUBLISHER><PAGES>131-142</PAGES><LABEL>romer2003</LABEL></RECORD>

<RECORD><REFERENCE_TYPE>33</REFERENCE_TYPE><REFNUM>103</REFNUM><AUTHORS><AUTHOR>Hu, A.</AUTHOR><AUTHOR>Servetto, S.D.</AUTHOR></AUTHORS><YEAR>2003</YEAR><DATE>19 September, 2003</DATE><TITLE>Asymptotically optimal time synchronization in dense sensor networks</TITLE><SECONDARY_TITLE>Proceedings of the 2nd ACM International Workshop on Wireless Sensor Networks and Applications</SECONDARY_TITLE><PLACE_PUBLISHED>San Diego, CA, USA</PLACE_PUBLISHED><PUBLISHER>ACM</PUBLISHER><PAGES>10</PAGES><LABEL>hu2003</LABEL></RECORD>

<RECORD><REFERENCE_TYPE>33</REFERENCE_TYPE><REFNUM>104</REFNUM><AUTHORS><AUTHOR>Sichitiu, M.L.</AUTHOR><AUTHOR>Veerarittiphan, C.</AUTHOR></AUTHORS><YEAR>2003</YEAR><DATE>16-20 March, 2003</DATE><TITLE>Simple, accurate time synchronization for wireless sensor networks</TITLE><SECONDARY_TITLE>Proceedings of the IEEE Wireless Communications and Networking Conference</SECONDARY_TITLE><PLACE_PUBLISHED>New Orleans, LA, USA</PLACE_PUBLISHED><PUBLISHER>IEEE</PUBLISHER><PAGES>16-20</PAGES><LABEL>sichitiu2003</LABEL></RECORD>

<RECORD><REFERENCE_TYPE>33</REFERENCE_TYPE><REFNUM>105</REFNUM><AUTHORS><AUTHOR>van Greunen, J.</AUTHOR><AUTHOR>Rabaey, J.</AUTHOR></AUTHORS><YEAR>2003</YEAR><DATE>19 September, 2003</DATE><TITLE>Lightweight time synchronization for sensor networks</TITLE><SECONDARY_TITLE>Proceedings of the 2nd ACM International Workshop on Wireless Sensor Networks and Applications</SECONDARY_TITLE><PLACE_PUBLISHED>San Diego, CA, USA</PLACE_PUBLISHED><PUBLISHER>ACM</PUBLISHER><PAGES>11-19</PAGES><LABEL>van2003</LABEL></RECORD>

<RECORD><REFERENCE_TYPE>33</REFERENCE_TYPE><REFNUM>106</REFNUM><AUTHORS><AUTHOR>Lee, J.</AUTHOR><AUTHOR>Stinson, D.R.</AUTHOR></AUTHORS><YEAR>2004</YEAR><DATE>9-10, August, 2004</DATE><TITLE>Deterministic key predistribution schemes for distributed sensor networks</TITLE><SECONDARY_TITLE>Proceedings of the 11th International Workshop on Selected Areas in Cryptography</SECONDARY_TITLE><PLACE_PUBLISHED>Waterloo, Canada</PLACE_PUBLISHED><PUBLISHER>Springer-Verlag</PUBLISHER><PAGES>294-307</PAGES><LABEL>lee2004</LABEL></RECORD>

<RECORD><REFERENCE_TYPE>0</REFERENCE_TYPE><REFNUM>107</REFNUM><AUTHORS><AUTHOR>Liu, D.</AUTHOR><AUTHOR>Ning, P.</AUTHOR><AUTHOR>Li, R.</AUTHOR></AUTHORS><YEAR>2005</YEAR><TITLE>Establishing pairwise keys in distributed sensor networks</TITLE><SECONDARY_TITLE>ACM Transactions on Information and System Security</SECONDARY_TITLE><VOLUME>8</VOLUME><NUMBER>1</NUMBER><PAGES>41-77</PAGES><LABEL>liu2005</LABEL></RECORD>

<RECORD><REFERENCE_TYPE>33</REFERENCE_TYPE><REFNUM>108</REFNUM><AUTHORS><AUTHOR>Eschenauer, L.</AUTHOR><AUTHOR>Gligor, V.D.</AUTHOR></AUTHORS><YEAR>2002</YEAR><DATE>18-22 November, 2002</DATE><TITLE>A key-management scheme for distributed sensor networks</TITLE><SECONDARY_TITLE>Proceedings of the 9th ACM Conference on Computer and Communications Security</SECONDARY_TITLE><PLACE_PUBLISHED>Washington, DC, USA</PLACE_PUBLISHED><PUBLISHER>ACM</PUBLISHER><PAGES>41-47</PAGES><LABEL>eschenauer2002</LABEL></RECORD>

<RECORD><REFERENCE_TYPE>33</REFERENCE_TYPE><REFNUM>109</REFNUM><AUTHORS><AUTHOR>Ashraf, A.</AUTHOR><AUTHOR>Hashmani, M.</AUTHOR><AUTHOR>Chowdhry, B.S.</AUTHOR><AUTHOR>Mussadiq, M.</AUTHOR><AUTHOR>Gee, Q.</AUTHOR><AUTHOR>Rajput, K.</AUTHOR><AUTHOR>Qadeer, A.</AUTHOR></AUTHORS><YEAR>2008</YEAR><DATE>4-7 May, 2008</DATE><TITLE>Design and analysis of the security assessment framework for achieving discrete security values in wireless sensor networks</TITLE><SECONDARY_TITLE>Canadian Conference on Electrical and Computer Engineering</SECONDARY_TITLE><PLACE_PUBLISHED>Niagara Falls, Canada</PLACE_PUBLISHED><PUBLISHER>IEEE</PUBLISHER><PAGES>855-860</PAGES><LABEL>ashraf2008</LABEL></RECORD>

<RECORD><REFERENCE_TYPE>7</REFERENCE_TYPE><REFNUM>110</REFNUM><AUTHORS><AUTHOR>Walters, J.P.</AUTHOR><AUTHOR>Liang, Z.</AUTHOR><AUTHOR>Shi, W.</AUTHOR><AUTHOR>Chaudhary, V.</AUTHOR></AUTHORS><YEAR>2007</YEAR><TITLE>Security in Distributed, Grid, and Pervasive Computing</TITLE><SECONDARY_TITLE>Security in Distributed, Grid, and Pervasive Computing</SECONDARY_TITLE><PLACE_PUBLISHED>Boca Raton, FL, USA</PLACE_PUBLISHED><PUBLISHER>Auerback Publications</PUBLISHER><PAGES>367-410</PAGES><LABEL>walters2007</LABEL></RECORD>

<RECORD><REFERENCE_TYPE>0</REFERENCE_TYPE><REFNUM>111</REFNUM><AUTHORS><AUTHOR>Lynch, J.P.</AUTHOR><AUTHOR>Loh, K.J.</AUTHOR></AUTHORS><YEAR>2006</YEAR><TITLE>A summary review of wireless sensors and sensor networks for structural health monitoring</TITLE><SECONDARY_TITLE>Shock and Vibration Digest</SECONDARY_TITLE><VOLUME>38</VOLUME><NUMBER>2</NUMBER><PAGES>91-130</PAGES><LABEL>lynch2006</LABEL></RECORD>

<RECORD><REFERENCE_TYPE>33</REFERENCE_TYPE><REFNUM>112</REFNUM><AUTHORS><AUTHOR>Paek, J.</AUTHOR><AUTHOR>Chintalapudi, K.</AUTHOR><AUTHOR>Cafferey, J.</AUTHOR><AUTHOR>Govindan, R.</AUTHOR><AUTHOR>Masri, S.</AUTHOR></AUTHORS><YEAR>2005</YEAR><DATE>30-31 May, 2005</DATE><TITLE>A wireless sensor network for structural health monitoring: Performance and experience</TITLE><SECONDARY_TITLE>Proceedings of the Second IEEE Workshop on Embedded Networked Sensors</SECONDARY_TITLE><PLACE_PUBLISHED>Sydney, Australia</PLACE_PUBLISHED><PUBLISHER>IEEE</PUBLISHER><PAGES>30-31</PAGES><LABEL>paek2005</LABEL></RECORD>

<RECORD><REFERENCE_TYPE>33</REFERENCE_TYPE><REFNUM>113</REFNUM><AUTHORS><AUTHOR>Jaman, G.</AUTHOR><AUTHOR>Hussain, S.</AUTHOR></AUTHORS><YEAR>2007</YEAR><DATE>14-17 May, 2007</DATE><TITLE>Structural Monitoring using Wireless Sensors and Controller Area Network</TITLE><SECONDARY_TITLE>Proceedings of the Fifth Annual Conference on Communication Networks and Services Research</SECONDARY_TITLE><PLACE_PUBLISHED>Fredericton, Canada</PLACE_PUBLISHED><PUBLISHER>IEEE</PUBLISHER><PAGES>26-34</PAGES><LABEL>jaman2007</LABEL></RECORD>

<RECORD><REFERENCE_TYPE>31</REFERENCE_TYPE><REFNUM>114</REFNUM><AUTHORS><AUTHOR>IEEE, </AUTHOR></AUTHORS><YEAR>1998</YEAR><TITLE>IEEE Standard 830-1998: IEEE Recommended Practice for Software Requirements Specifications</TITLE><LABEL>ieeesrs</LABEL></RECORD>

<RECORD><REFERENCE_TYPE>33</REFERENCE_TYPE><REFNUM>115</REFNUM><AUTHORS><AUTHOR>Marcondes, H.</AUTHOR><AUTHOR>Hoeller, AS</AUTHOR><AUTHOR>Wanner, LF</AUTHOR><AUTHOR>Frohlich, AAM</AUTHOR></AUTHORS><YEAR>2006</YEAR><DATE>20-22 September, 2006</DATE><TITLE>Operating Systems Portability: 8 bits and beyond</TITLE><SECONDARY_TITLE>IEEE Conference on Emerging Technologies and Factory Automation</SECONDARY_TITLE><PLACE_PUBLISHED>Prague, Czech Republic</PLACE_PUBLISHED><PUBLISHER>IEEE</PUBLISHER><PAGES>124-130</PAGES><LABEL>marcondes2006</LABEL></RECORD>

<RECORD><REFERENCE_TYPE>0</REFERENCE_TYPE><REFNUM>116</REFNUM><AUTHORS><AUTHOR>Barr, M.</AUTHOR><AUTHOR>Frank, B.</AUTHOR></AUTHORS><YEAR>1997</YEAR><TITLE>Java: Too Much for Your System?</TITLE><SECONDARY_TITLE>Embedded Systems Programming</SECONDARY_TITLE><PUBLISHER>Miller Freeman Inc.</PUBLISHER><VOLUME>10</VOLUME><NUMBER>5</NUMBER><PAGES>102-114</PAGES><LABEL>barr1997</LABEL></RECORD>

<RECORD><REFERENCE_TYPE>16</REFERENCE_TYPE><REFNUM>117</REFNUM><AUTHORS><AUTHOR>UC Berkley, </AUTHOR></AUTHORS><YEAR>n.d.</YEAR><NUMBER>22 October 2009</NUMBER><TITLE>TinyOS Community Forum || Mission Statement</TITLE><URL>http://tinyos.net/special/mission</URL><LABEL>tinyos</LABEL></RECORD>

<RECORD><REFERENCE_TYPE>16</REFERENCE_TYPE><REFNUM>118</REFNUM><AUTHORS><AUTHOR>UCLA NESL, </AUTHOR></AUTHORS><YEAR>2008</YEAR><NUMBER>22 October 2009</NUMBER><TITLE>SOS 2.x Home Page</TITLE><PLACE_PUBLISHED>https://projects.nesl.ucla.edu/public/sos-2x/doc/</PLACE_PUBLISHED><LABEL>sos</LABEL></RECORD>

<RECORD><REFERENCE_TYPE>16</REFERENCE_TYPE><REFNUM>119</REFNUM><AUTHORS><AUTHOR>FreeRTOS, </AUTHOR></AUTHORS><YEAR>2009</YEAR><NUMBER>22 October 2009</NUMBER><TITLE>FreeRTOS - Features Overview</TITLE><URL>http://www.freertos.org/</URL><LABEL>freertos</LABEL></RECORD>

<RECORD><REFERENCE_TYPE>16</REFERENCE_TYPE><REFNUM>120</REFNUM><AUTHORS><AUTHOR>Micrium, </AUTHOR></AUTHORS><YEAR>2009</YEAR><NUMBER>22 October 2009</NUMBER><TITLE>$\mu$C/OS-II Kernel</TITLE><URL>http://micrium.com/page/products/rtos/os-ii</URL><LABEL>ucos</LABEL></RECORD>

<RECORD><REFERENCE_TYPE>16</REFERENCE_TYPE><REFNUM>121</REFNUM><AUTHORS><AUTHOR>eCos, </AUTHOR></AUTHORS><YEAR>n.d.</YEAR><NUMBER>22 October 2009</NUMBER><TITLE>eCos Home Page</TITLE><URL>http://ecos.sourceware.org/</URL><LABEL>ecos</LABEL></RECORD>

<RECORD><REFERENCE_TYPE>33</REFERENCE_TYPE><REFNUM>122</REFNUM><AUTHORS><AUTHOR>Lynch, C.</AUTHOR><AUTHOR>Reilly, F. O.</AUTHOR></AUTHORS><YEAR>2005</YEAR><DATE>31 January - 2 February 2005</DATE><TITLE>Pic-based TinyOS implementation</TITLE><SECONDARY_TITLE>2nd European Workshop on Wireless Sensor Networks</SECONDARY_TITLE><PLACE_PUBLISHED>Istanbul, Turkey</PLACE_PUBLISHED><PAGES>378-385</PAGES><LABEL>pic</LABEL></RECORD>

<RECORD><REFERENCE_TYPE>16</REFERENCE_TYPE><REFNUM>123</REFNUM><AUTHORS><AUTHOR>Moteiv Corporation, </AUTHOR></AUTHORS><YEAR>2004</YEAR><NUMBER>21 February 2009</NUMBER><TITLE>Telos Mote</TITLE><URL>http://www.ece.osu.edu1 bibyk/ee582/telosMote.pdf</URL><LABEL>telos</LABEL></RECORD>

<RECORD><REFERENCE_TYPE>16</REFERENCE_TYPE><REFNUM>124</REFNUM><AUTHORS><AUTHOR>Crossbow, </AUTHOR></AUTHORS><YEAR>n.d.</YEAR><NUMBER>21 February 2009</NUMBER><TITLE>MICAZ Datasheet</TITLE><URL>http://www.xbow.com/products/Product_pdf_files/Wireless_pdf/MICAZ_Datasheet.pdf</URL><LABEL>micaz</LABEL></RECORD>

<RECORD><REFERENCE_TYPE>16</REFERENCE_TYPE><REFNUM>125</REFNUM><AUTHORS><AUTHOR>Crossbow, </AUTHOR></AUTHORS><YEAR>n.d.</YEAR><NUMBER>21 February 2009</NUMBER><TITLE>IRIS Datasheet</TITLE><URL>http://www.xbow.com/Products/Product_pdf_files/Wireless_pdf/IRIS_Datasheet.pdf</URL><LABEL>iris</LABEL></RECORD>

<RECORD><REFERENCE_TYPE>16</REFERENCE_TYPE><REFNUM>126</REFNUM><AUTHORS><AUTHOR>Crossbow, </AUTHOR></AUTHORS><YEAR>n.d.</YEAR><NUMBER>21 February 2009</NUMBER><TITLE>MICA2 Datasheet</TITLE><URL>http://www.xbow.com/products/Product_pdf_files/Wireless_pdf/MICA2_Datasheet.pdf</URL><LABEL>mica2</LABEL></RECORD>

<RECORD><REFERENCE_TYPE>16</REFERENCE_TYPE><REFNUM>127</REFNUM><AUTHORS><AUTHOR>Lentsch, Thomas</AUTHOR></AUTHORS><YEAR>2005</YEAR><NUMBER>21 February 2009</NUMBER><TITLE>The eyesIFX platform</TITLE><URL>http://www.tinyos.net/ttx-02-2005/platforms/ttx2005-eyesIFX.ppt</URL><LABEL>eyesifx</LABEL></RECORD>

<RECORD><REFERENCE_TYPE>16</REFERENCE_TYPE><REFNUM>128</REFNUM><AUTHORS><AUTHOR>Kuris, Ben</AUTHOR><AUTHOR>Dishongh, Terry</AUTHOR></AUTHORS><YEAR>2006</YEAR><NUMBER>23 October 2009</NUMBER><TITLE>SHIMMER - Sensing Health with Intelligence, Modularity, Mobility, and Experimental Reusability: Hardware Guide</TITLE><URL>http://www.eecs.harvard.edu1 konrad/projects/shimmer/references/SHIMMER_HWGuide_REV1P3.pdf</URL><LABEL>shimmer</LABEL></RECORD>

<RECORD><REFERENCE_TYPE>16</REFERENCE_TYPE><REFNUM>129</REFNUM><AUTHORS><AUTHOR>Sourceforge.NET, </AUTHOR></AUTHORS><YEAR>2009</YEAR><NUMBER>21 February 2009</NUMBER><TITLE>Index of /tinyos-2.x/tos/platforms</TITLE><URL>http://tinyos.cvs.sourceforge.net/viewvc/tinyos/tinyos-2.x/tos/platforms/?hideattic=0</URL><LABEL>tinyosmotes</LABEL></RECORD>

<RECORD><REFERENCE_TYPE>16</REFERENCE_TYPE><REFNUM>130</REFNUM><AUTHORS><AUTHOR>Zurich, ETH</AUTHOR></AUTHORS><YEAR>2007</YEAR><NUMBER>21 February 2009</NUMBER><TITLE>Welcome to the BTnode Platform</TITLE><URL>http://www.btnode.ethz.ch/</URL><LABEL>btnode</LABEL></RECORD>

<RECORD><REFERENCE_TYPE>33</REFERENCE_TYPE><REFNUM>131</REFNUM><AUTHORS><AUTHOR>Korber, H. J.</AUTHOR><AUTHOR>Wattar, H.</AUTHOR><AUTHOR>Scholl, G.</AUTHOR><AUTHOR>Heller, W.</AUTHOR></AUTHORS><YEAR>2005</YEAR><DATE>20-21 June, 2005</DATE><TITLE>Embedding a Microchip PIC18F452 based commercial platform into TinyOS</TITLE><SECONDARY_TITLE>Workshop on Real-World Wireless Sensor Networks</SECONDARY_TITLE><PLACE_PUBLISHED>Stockholm, Sweden</PLACE_PUBLISHED><LABEL>pic2</LABEL></RECORD>

<RECORD><REFERENCE_TYPE>33</REFERENCE_TYPE><REFNUM>132</REFNUM><AUTHORS><AUTHOR>Nachman, L.</AUTHOR><AUTHOR>Kling, R.</AUTHOR><AUTHOR>Adler, R.</AUTHOR><AUTHOR>Huang, J.</AUTHOR><AUTHOR>Hummel, V.</AUTHOR></AUTHORS><YEAR>2005</YEAR><DATE>25-27 April, 2005</DATE><TITLE>The Intel\textregistered Mote platform: a Bluetooth-based sensor network for industrial monitoring</TITLE><SECONDARY_TITLE>Proceedings of the Fourth International Symposium on Information Processing in Sensor Networks</SECONDARY_TITLE><PLACE_PUBLISHED>Los Angeles, CA, USA</PLACE_PUBLISHED><PUBLISHER>ACM</PUBLISHER><PAGES>61</PAGES><LABEL>intelmote</LABEL></RECORD>

<RECORD><REFERENCE_TYPE>33</REFERENCE_TYPE><REFNUM>133</REFNUM><AUTHORS><AUTHOR>Adler, R.</AUTHOR><AUTHOR>Flanigan, M.</AUTHOR><AUTHOR>Huang, J.</AUTHOR><AUTHOR>Kling, R.</AUTHOR><AUTHOR>Kushalnagar, N.</AUTHOR><AUTHOR>Nachman, L.</AUTHOR><AUTHOR>Wan, C.Y.</AUTHOR><AUTHOR>Yarvis, M.</AUTHOR></AUTHORS><YEAR>2005</YEAR><DATE>2-4 November, 2009</DATE><TITLE>Intel mote 2: an advanced platform for demanding sensor network applications</TITLE><SECONDARY_TITLE>Proceedings of the 3rd International Conference on Embedded Networked Sensor Systems</SECONDARY_TITLE><PLACE_PUBLISHED>San Diego, CA, USA</PLACE_PUBLISHED><PUBLISHER>ACM</PUBLISHER><PAGES>298</PAGES><LABEL>intelmote2</LABEL></RECORD>

<RECORD><REFERENCE_TYPE>16</REFERENCE_TYPE><REFNUM>134</REFNUM><AUTHORS><AUTHOR>Levis, Philip</AUTHOR></AUTHORS><YEAR>2007</YEAR><NUMBER>23 October 2009</NUMBER><TITLE>TEP 1: TEP Structure and Keywords</TITLE><URL>http://www.tinyos.net/tinyos-2.x/doc/html/tep1.html</URL><PUBLISHER>TinyOS 2.0 Core Working Group</PUBLISHER><LABEL>tep1</LABEL></RECORD>

<RECORD><REFERENCE_TYPE>31</REFERENCE_TYPE><REFNUM>135</REFNUM><AUTHORS><AUTHOR>Gay, D.</AUTHOR><AUTHOR>Levis, P.</AUTHOR><AUTHOR>Culler, D.</AUTHOR><AUTHOR>Brewer, E.</AUTHOR></AUTHORS><YEAR>2005</YEAR><TITLE>nesC 1.2 language reference manual</TITLE><LABEL>nesc</LABEL></RECORD>

<RECORD><REFERENCE_TYPE>31</REFERENCE_TYPE><REFNUM>136</REFNUM><AUTHORS><AUTHOR>Levis, Philip</AUTHOR><AUTHOR>Gay, David</AUTHOR></AUTHORS><YEAR>2009</YEAR><TITLE>TinyOS Programming</TITLE><LABEL>tinyosref</LABEL></RECORD>

<RECORD><REFERENCE_TYPE>31</REFERENCE_TYPE><REFNUM>137</REFNUM><AUTHORS><AUTHOR>Levis, Philip</AUTHOR></AUTHORS><YEAR>2006</YEAR><TITLE>TinyOS Programming</TITLE><LABEL>tinyosref2006</LABEL></RECORD>

<RECORD><REFERENCE_TYPE>16</REFERENCE_TYPE><REFNUM>138</REFNUM><AUTHORS><AUTHOR>Wiki, TinyOS Documentation</AUTHOR></AUTHORS><YEAR>2009</YEAR><NUMBER>25 October 2009</NUMBER><TITLE>Installing TinyOS 2.1</TITLE><URL>http://docs.tinyos.net/index.php/Installing_TinyOS_2.1</URL><LABEL>tinyosinstall</LABEL></RECORD>

<RECORD><REFERENCE_TYPE>16</REFERENCE_TYPE><REFNUM>139</REFNUM><AUTHORS><AUTHOR>P&#x0026;E Micro, </AUTHOR></AUTHORS><YEAR>2006</YEAR><NUMBER>26 October 2009</NUMBER><TITLE>Coldfire USB BDM (USB-ML-CF) and GDB?</TITLE><URL>http://www.pemicro.com/forums/index.php?showtopic=933</URL><PUBLISHER>P&#x0026;E Microcomputer Systems Forums</PUBLISHER><LABEL>nolinuxdrivers2006</LABEL></RECORD>

<RECORD><REFERENCE_TYPE>16</REFERENCE_TYPE><REFNUM>140</REFNUM><AUTHORS><AUTHOR>P&#x0026;E Micro, </AUTHOR></AUTHORS><YEAR>2009</YEAR><NUMBER>26 October 2009</NUMBER><TITLE>USB-ML-12 + GNU Toolchain + Linux</TITLE><URL>http://www.pemicro.com/forums/index.php?showtopic=2810</URL><PUBLISHER>P&#x0026;E Microcomputer Systems Forums</PUBLISHER><LABEL>nolinuxdrivers2009</LABEL></RECORD>

</RECORDS></XML>

